file,line,type,commit,author,date,time,timezone,datetime,depth,length
style.css,1,css,5e9704b7,Brandon Lum,2026-04-09,13:21:21,-07:00,2026-04-09T13:21:21-07:00,0,4
style.css,2,css,290c568e,Brandon Lum,2026-04-15,16:49:11,-07:00,2026-04-15T16:49:11-07:00,0,31
style.css,3,css,290c568e,Brandon Lum,2026-04-15,16:49:11,-07:00,2026-04-15T16:49:11-07:00,0,22
style.css,4,css,290c568e,Brandon Lum,2026-04-15,16:49:11,-07:00,2026-04-15T16:49:11-07:00,0,0
style.css,5,css,290c568e,Brandon Lum,2026-04-15,16:49:11,-07:00,2026-04-15T16:49:11-07:00,0,0
style.css,6,css,290c568e,Brandon Lum,2026-04-15,16:49:11,-07:00,2026-04-15T16:49:11-07:00,0,12
style.css,7,css,290c568e,Brandon Lum,2026-04-15,16:49:11,-07:00,2026-04-15T16:49:11-07:00,0,16
style.css,8,css,290c568e,Brandon Lum,2026-04-15,16:49:11,-07:00,2026-04-15T16:49:11-07:00,0,9
style.css,9,css,290c568e,Brandon Lum,2026-04-15,16:49:11,-07:00,2026-04-15T16:49:11-07:00,0,7
style.css,10,css,290c568e,Brandon Lum,2026-04-15,16:49:11,-07:00,2026-04-15T16:49:11-07:00,0,12
style.css,11,css,290c568e,Brandon Lum,2026-04-15,16:49:11,-07:00,2026-04-15T16:49:11-07:00,0,11
style.css,12,css,290c568e,Brandon Lum,2026-04-15,16:49:11,-07:00,2026-04-15T16:49:11-07:00,0,0
style.css,13,css,5e9704b7,Brandon Lum,2026-04-09,13:21:21,-07:00,2026-04-09T13:21:21-07:00,0,0
style.css,14,css,5e9704b7,Brandon Lum,2026-04-09,13:21:21,-07:00,2026-04-09T13:21:21-07:00,0,0
style.css,15,css,ff8159e4,Brandon Lum,2026-04-01,17:14:20,-07:00,2026-04-01T17:14:20-07:00,0,3
style.css,16,css,ff8159e4,Brandon Lum,2026-04-01,17:14:20,-07:00,2026-04-01T17:14:20-07:00,0,22
style.css,17,css,5e9704b7,Brandon Lum,2026-04-09,13:21:21,-07:00,2026-04-09T13:21:21-07:00,0,14
style.css,18,css,5e9704b7,Brandon Lum,2026-04-09,13:21:21,-07:00,2026-04-09T13:21:21-07:00,0,17
style.css,19,css,5e9704b7,Brandon Lum,2026-04-09,13:21:21,-07:00,2026-04-09T13:21:21-07:00,0,11
style.css,20,css,5e9704b7,Brandon Lum,2026-04-09,13:21:21,-07:00,2026-04-09T13:21:21-07:00,0,30
style.css,21,css,5e9704b7,Brandon Lum,2026-04-09,13:21:21,-07:00,2026-04-09T13:21:21-07:00,0,0
style.css,22,css,5e9704b7,Brandon Lum,2026-04-09,13:21:21,-07:00,2026-04-09T13:21:21-07:00,0,0
style.css,23,css,5e9704b7,Brandon Lum,2026-04-09,13:21:21,-07:00,2026-04-09T13:21:21-07:00,0,2
style.css,24,css,290c568e,Brandon Lum,2026-04-15,16:49:11,-07:00,2026-04-15T16:49:11-07:00,0,38
style.css,25,css,5e9704b7,Brandon Lum,2026-04-09,13:21:21,-07:00,2026-04-09T13:21:21-07:00,0,11
style.css,26,css,5e9704b7,Brandon Lum,2026-04-09,13:21:21,-07:00,2026-04-09T13:21:21-07:00,0,17
style.css,27,css,5e9704b7,Brandon Lum,2026-04-09,13:21:21,-07:00,2026-04-09T13:21:21-07:00,0,24
style.css,28,css,5e9704b7,Brandon Lum,2026-04-09,13:21:21,-07:00,2026-04-09T13:21:21-07:00,0,22
style.css,29,css,290c568e,Brandon Lum,2026-04-15,16:49:11,-07:00,2026-04-15T16:49:11-07:00,0,38
style.css,30,css,5e9704b7,Brandon Lum,2026-04-09,13:21:21,-07:00,2026-04-09T13:21:21-07:00,0,0
style.css,31,css,5e9704b7,Brandon Lum,2026-04-09,13:21:21,-07:00,2026-04-09T13:21:21-07:00,0,4
style.css,32,css,5e9704b7,Brandon Lum,2026-04-09,13:21:21,-07:00,2026-04-09T13:21:21-07:00,0,5
style.css,33,css,5e9704b7,Brandon Lum,2026-04-09,13:21:21,-07:00,2026-04-09T13:21:21-07:00,0,15
style.css,34,css,5e9704b7,Brandon Lum,2026-04-09,13:21:21,-07:00,2026-04-09T13:21:21-07:00,0,7
style.css,35,css,5e9704b7,Brandon Lum,2026-04-09,13:21:21,-07:00,2026-04-09T13:21:21-07:00,0,8
style.css,36,css,5e9704b7,Brandon Lum,2026-04-09,13:21:21,-07:00,2026-04-09T13:21:21-07:00,0,14
style.css,37,css,5e9704b7,Brandon Lum,2026-04-09,13:21:21,-07:00,2026-04-09T13:21:21-07:00,0,0
style.css,38,css,5e9704b7,Brandon Lum,2026-04-09,13:21:21,-07:00,2026-04-09T13:21:21-07:00,0,0
style.css,39,css,5e9704b7,Brandon Lum,2026-04-09,13:21:21,-07:00,2026-04-09T13:21:21-07:00,0,4
style.css,40,css,5e9704b7,Brandon Lum,2026-04-09,13:21:21,-07:00,2026-04-09T13:21:21-07:00,0,11
style.css,41,css,5e9704b7,Brandon Lum,2026-04-09,13:21:21,-07:00,2026-04-09T13:21:21-07:00,0,5
style.css,42,css,5e9704b7,Brandon Lum,2026-04-09,13:21:21,-07:00,2026-04-09T13:21:21-07:00,0,19
style.css,43,css,5e9704b7,Brandon Lum,2026-04-09,13:21:21,-07:00,2026-04-09T13:21:21-07:00,0,12
style.css,44,css,5e9704b7,Brandon Lum,2026-04-09,13:21:21,-07:00,2026-04-09T13:21:21-07:00,0,21
style.css,45,css,5e9704b7,Brandon Lum,2026-04-09,13:21:21,-07:00,2026-04-09T13:21:21-07:00,0,65
style.css,46,css,5e9704b7,Brandon Lum,2026-04-09,13:21:21,-07:00,2026-04-09T13:21:21-07:00,0,12
style.css,47,css,5e9704b7,Brandon Lum,2026-04-09,13:21:21,-07:00,2026-04-09T13:21:21-07:00,0,0
style.css,48,css,5e9704b7,Brandon Lum,2026-04-09,13:21:21,-07:00,2026-04-09T13:21:21-07:00,0,0
style.css,49,css,5e9704b7,Brandon Lum,2026-04-09,13:21:21,-07:00,2026-04-09T13:21:21-07:00,0,0
style.css,50,css,5e9704b7,Brandon Lum,2026-04-09,13:21:21,-07:00,2026-04-09T13:21:21-07:00,0,12
style.css,51,css,5e9704b7,Brandon Lum,2026-04-09,13:21:21,-07:00,2026-04-09T13:21:21-07:00,0,42
style.css,52,css,290c568e,Brandon Lum,2026-04-15,16:49:11,-07:00,2026-04-15T16:49:11-07:00,0,0
style.css,53,css,5e9704b7,Brandon Lum,2026-04-09,13:21:21,-07:00,2026-04-09T13:21:21-07:00,0,0
style.css,54,css,5e9704b7,Brandon Lum,2026-04-09,13:21:21,-07:00,2026-04-09T13:21:21-07:00,0,0
style.css,55,css,5e9704b7,Brandon Lum,2026-04-09,13:21:21,-07:00,2026-04-09T13:21:21-07:00,0,10
style.css,56,css,5e9704b7,Brandon Lum,2026-04-09,13:21:21,-07:00,2026-04-09T13:21:21-07:00,0,44
style.css,57,css,290c568e,Brandon Lum,2026-04-15,16:49:11,-07:00,2026-04-15T16:49:11-07:00,0,68
style.css,58,css,290c568e,Brandon Lum,2026-04-15,16:49:11,-07:00,2026-04-15T16:49:11-07:00,0,12
style.css,59,css,290c568e,Brandon Lum,2026-04-15,16:49:11,-07:00,2026-04-15T16:49:11-07:00,0,0
style.css,60,css,5e9704b7,Brandon Lum,2026-04-09,13:21:21,-07:00,2026-04-09T13:21:21-07:00,0,0
style.css,61,css,5e9704b7,Brandon Lum,2026-04-09,13:21:21,-07:00,2026-04-09T13:21:21-07:00,0,0
style.css,62,css,5e9704b7,Brandon Lum,2026-04-09,13:21:21,-07:00,2026-04-09T13:21:21-07:00,0,4
style.css,63,css,5e9704b7,Brandon Lum,2026-04-09,13:21:21,-07:00,2026-04-09T13:21:21-07:00,0,11
style.css,64,css,5e9704b7,Brandon Lum,2026-04-09,13:21:21,-07:00,2026-04-09T13:21:21-07:00,0,12
style.css,65,css,5e9704b7,Brandon Lum,2026-04-09,13:21:21,-07:00,2026-04-09T13:21:21-07:00,0,16
style.css,66,css,5e9704b7,Brandon Lum,2026-04-09,13:21:21,-07:00,2026-04-09T13:21:21-07:00,0,9
style.css,67,css,5e9704b7,Brandon Lum,2026-04-09,13:21:21,-07:00,2026-04-09T13:21:21-07:00,0,20
style.css,68,css,5e9704b7,Brandon Lum,2026-04-09,13:21:21,-07:00,2026-04-09T13:21:21-07:00,0,0
style.css,69,css,5e9704b7,Brandon Lum,2026-04-09,13:21:21,-07:00,2026-04-09T13:21:21-07:00,0,0
style.css,70,css,5e9704b7,Brandon Lum,2026-04-09,13:21:21,-07:00,2026-04-09T13:21:21-07:00,0,7
style.css,71,css,5e9704b7,Brandon Lum,2026-04-09,13:21:21,-07:00,2026-04-09T13:21:21-07:00,0,11
style.css,72,css,5e9704b7,Brandon Lum,2026-04-09,13:21:21,-07:00,2026-04-09T13:21:21-07:00,0,12
style.css,73,css,5e9704b7,Brandon Lum,2026-04-09,13:21:21,-07:00,2026-04-09T13:21:21-07:00,0,16
style.css,74,css,5e9704b7,Brandon Lum,2026-04-09,13:21:21,-07:00,2026-04-09T13:21:21-07:00,0,9
style.css,75,css,5e9704b7,Brandon Lum,2026-04-09,13:21:21,-07:00,2026-04-09T13:21:21-07:00,0,20
style.css,76,css,5e9704b7,Brandon Lum,2026-04-09,13:21:21,-07:00,2026-04-09T13:21:21-07:00,0,0
style.css,77,css,5e9704b7,Brandon Lum,2026-04-09,13:21:21,-07:00,2026-04-09T13:21:21-07:00,0,0
style.css,78,css,5e9704b7,Brandon Lum,2026-04-09,13:21:21,-07:00,2026-04-09T13:21:21-07:00,0,0
style.css,79,css,5e9704b7,Brandon Lum,2026-04-09,13:21:21,-07:00,2026-04-09T13:21:21-07:00,0,5
style.css,80,css,5e9704b7,Brandon Lum,2026-04-09,13:21:21,-07:00,2026-04-09T13:21:21-07:00,0,11
style.css,81,css,5e9704b7,Brandon Lum,2026-04-09,13:21:21,-07:00,2026-04-09T13:21:21-07:00,0,12
style.css,82,css,5e9704b7,Brandon Lum,2026-04-09,13:21:21,-07:00,2026-04-09T13:21:21-07:00,0,16
style.css,83,css,5e9704b7,Brandon Lum,2026-04-09,13:21:21,-07:00,2026-04-09T13:21:21-07:00,0,9
style.css,84,css,5e9704b7,Brandon Lum,2026-04-09,13:21:21,-07:00,2026-04-09T13:21:21-07:00,0,20
style.css,85,css,5e9704b7,Brandon Lum,2026-04-09,13:21:21,-07:00,2026-04-09T13:21:21-07:00,0,0
style.css,86,css,5e9704b7,Brandon Lum,2026-04-09,13:21:21,-07:00,2026-04-09T13:21:21-07:00,0,0
style.css,87,css,5e9704b7,Brandon Lum,2026-04-09,13:21:21,-07:00,2026-04-09T13:21:21-07:00,0,0
style.css,88,css,5e9704b7,Brandon Lum,2026-04-09,13:21:21,-07:00,2026-04-09T13:21:21-07:00,0,3
style.css,89,css,5e9704b7,Brandon Lum,2026-04-09,13:21:21,-07:00,2026-04-09T13:21:21-07:00,0,11
style.css,90,css,5e9704b7,Brandon Lum,2026-04-09,13:21:21,-07:00,2026-04-09T13:21:21-07:00,0,29
style.css,91,css,5e9704b7,Brandon Lum,2026-04-09,13:21:21,-07:00,2026-04-09T13:21:21-07:00,0,6
style.css,92,css,5e9704b7,Brandon Lum,2026-04-09,13:21:21,-07:00,2026-04-09T13:21:21-07:00,0,0
style.css,93,css,5e9704b7,Brandon Lum,2026-04-09,13:21:21,-07:00,2026-04-09T13:21:21-07:00,0,0
style.css,94,css,5e9704b7,Brandon Lum,2026-04-09,13:21:21,-07:00,2026-04-09T13:21:21-07:00,0,4
style.css,95,css,5e9704b7,Brandon Lum,2026-04-09,13:21:21,-07:00,2026-04-09T13:21:21-07:00,0,11
style.css,96,css,5e9704b7,Brandon Lum,2026-04-09,13:21:21,-07:00,2026-04-09T13:21:21-07:00,0,28
style.css,97,css,5e9704b7,Brandon Lum,2026-04-09,13:21:21,-07:00,2026-04-09T13:21:21-07:00,0,17
style.css,98,css,5e9704b7,Brandon Lum,2026-04-09,13:21:21,-07:00,2026-04-09T13:21:21-07:00,0,0
style.css,99,css,5e9704b7,Brandon Lum,2026-04-09,13:21:21,-07:00,2026-04-09T13:21:21-07:00,0,0
style.css,100,css,5e9704b7,Brandon Lum,2026-04-09,13:21:21,-07:00,2026-04-09T13:21:21-07:00,0,0
style.css,101,css,5e9704b7,Brandon Lum,2026-04-09,13:21:21,-07:00,2026-04-09T13:21:21-07:00,0,8
style.css,102,css,5e9704b7,Brandon Lum,2026-04-09,13:21:21,-07:00,2026-04-09T13:21:21-07:00,0,11
style.css,103,css,5e9704b7,Brandon Lum,2026-04-09,13:21:21,-07:00,2026-04-09T13:21:21-07:00,0,57
style.css,104,css,5e9704b7,Brandon Lum,2026-04-09,13:21:21,-07:00,2026-04-09T13:21:21-07:00,0,6
style.css,105,css,fb86fc43,Brandon Lum,2026-04-28,23:47:24,-07:00,2026-04-28T23:47:24-07:00,0,14
style.css,106,css,5e9704b7,Brandon Lum,2026-04-09,13:21:21,-07:00,2026-04-09T13:21:21-07:00,0,0
style.css,107,css,5e9704b7,Brandon Lum,2026-04-09,13:21:21,-07:00,2026-04-09T13:21:21-07:00,0,0
style.css,108,css,5e9704b7,Brandon Lum,2026-04-09,13:21:21,-07:00,2026-04-09T13:21:21-07:00,0,0
style.css,109,css,5e9704b7,Brandon Lum,2026-04-09,13:21:21,-07:00,2026-04-09T13:21:21-07:00,0,6
style.css,110,css,5e9704b7,Brandon Lum,2026-04-09,13:21:21,-07:00,2026-04-09T13:21:21-07:00,0,25
style.css,111,css,5e9704b7,Brandon Lum,2026-04-09,13:21:21,-07:00,2026-04-09T13:21:21-07:00,0,14
style.css,112,css,5e9704b7,Brandon Lum,2026-04-09,13:21:21,-07:00,2026-04-09T13:21:21-07:00,0,0
style.css,113,css,5e9704b7,Brandon Lum,2026-04-09,13:21:21,-07:00,2026-04-09T13:21:21-07:00,0,0
style.css,114,css,5e9704b7,Brandon Lum,2026-04-09,13:21:21,-07:00,2026-04-09T13:21:21-07:00,0,1
style.css,115,css,5e9704b7,Brandon Lum,2026-04-09,13:21:21,-07:00,2026-04-09T13:21:21-07:00,0,12
style.css,116,css,5e9704b7,Brandon Lum,2026-04-09,13:21:21,-07:00,2026-04-09T13:21:21-07:00,0,0
style.css,117,css,5e9704b7,Brandon Lum,2026-04-09,13:21:21,-07:00,2026-04-09T13:21:21-07:00,0,0
style.css,118,css,5e9704b7,Brandon Lum,2026-04-09,13:21:21,-07:00,2026-04-09T13:21:21-07:00,0,1
style.css,119,css,5e9704b7,Brandon Lum,2026-04-09,13:21:21,-07:00,2026-04-09T13:21:21-07:00,0,7
style.css,120,css,5e9704b7,Brandon Lum,2026-04-09,13:21:21,-07:00,2026-04-09T13:21:21-07:00,0,0
style.css,121,css,5e9704b7,Brandon Lum,2026-04-09,13:21:21,-07:00,2026-04-09T13:21:21-07:00,0,0
style.css,122,css,5e9704b7,Brandon Lum,2026-04-09,13:21:21,-07:00,2026-04-09T13:21:21-07:00,0,21
style.css,123,css,5e9704b7,Brandon Lum,2026-04-09,13:21:21,-07:00,2026-04-09T13:21:21-07:00,0,14
style.css,124,css,5e9704b7,Brandon Lum,2026-04-09,13:21:21,-07:00,2026-04-09T13:21:21-07:00,0,16
style.css,125,css,5e9704b7,Brandon Lum,2026-04-09,13:21:21,-07:00,2026-04-09T13:21:21-07:00,0,0
style.css,126,css,5e9704b7,Brandon Lum,2026-04-09,13:21:21,-07:00,2026-04-09T13:21:21-07:00,0,0
style.css,127,css,5e9704b7,Brandon Lum,2026-04-09,13:21:21,-07:00,2026-04-09T13:21:21-07:00,0,6
style.css,128,css,5e9704b7,Brandon Lum,2026-04-09,13:21:21,-07:00,2026-04-09T13:21:21-07:00,0,14
style.css,129,css,5e9704b7,Brandon Lum,2026-04-09,13:21:21,-07:00,2026-04-09T13:21:21-07:00,0,17
style.css,130,css,5e9704b7,Brandon Lum,2026-04-09,13:21:21,-07:00,2026-04-09T13:21:21-07:00,0,13
style.css,131,css,5e9704b7,Brandon Lum,2026-04-09,13:21:21,-07:00,2026-04-09T13:21:21-07:00,0,0
style.css,132,css,5e9704b7,Brandon Lum,2026-04-09,13:21:21,-07:00,2026-04-09T13:21:21-07:00,0,0
style.css,133,css,5e9704b7,Brandon Lum,2026-04-09,13:21:21,-07:00,2026-04-09T13:21:21-07:00,0,9
style.css,134,css,5e9704b7,Brandon Lum,2026-04-09,13:21:21,-07:00,2026-04-09T13:21:21-07:00,0,15
style.css,135,css,5e9704b7,Brandon Lum,2026-04-09,13:21:21,-07:00,2026-04-09T13:21:21-07:00,0,19
style.css,136,css,5e9704b7,Brandon Lum,2026-04-09,13:21:21,-07:00,2026-04-09T13:21:21-07:00,0,0
style.css,137,css,5e9704b7,Brandon Lum,2026-04-09,13:21:21,-07:00,2026-04-09T13:21:21-07:00,0,0
style.css,138,css,5e9704b7,Brandon Lum,2026-04-09,13:21:21,-07:00,2026-04-09T13:21:21-07:00,0,9
style.css,139,css,5e9704b7,Brandon Lum,2026-04-09,13:21:21,-07:00,2026-04-09T13:21:21-07:00,0,16
style.css,140,css,5e9704b7,Brandon Lum,2026-04-09,13:21:21,-07:00,2026-04-09T13:21:21-07:00,0,14
style.css,141,css,5e9704b7,Brandon Lum,2026-04-09,13:21:21,-07:00,2026-04-09T13:21:21-07:00,0,17
style.css,142,css,5e9704b7,Brandon Lum,2026-04-09,13:21:21,-07:00,2026-04-09T13:21:21-07:00,0,40
style.css,143,css,5e9704b7,Brandon Lum,2026-04-09,13:21:21,-07:00,2026-04-09T13:21:21-07:00,0,21
style.css,144,css,5e9704b7,Brandon Lum,2026-04-09,13:21:21,-07:00,2026-04-09T13:21:21-07:00,0,0
style.css,145,css,5e9704b7,Brandon Lum,2026-04-09,13:21:21,-07:00,2026-04-09T13:21:21-07:00,0,0
style.css,146,css,5e9704b7,Brandon Lum,2026-04-09,13:21:21,-07:00,2026-04-09T13:21:21-07:00,0,9
style.css,147,css,5e9704b7,Brandon Lum,2026-04-09,13:21:21,-07:00,2026-04-09T13:21:21-07:00,0,16
style.css,148,css,5e9704b7,Brandon Lum,2026-04-09,13:21:21,-07:00,2026-04-09T13:21:21-07:00,0,14
style.css,149,css,5e9704b7,Brandon Lum,2026-04-09,13:21:21,-07:00,2026-04-09T13:21:21-07:00,0,20
style.css,150,css,b85579df,Brandon Lum,2026-04-23,14:36:08,-07:00,2026-04-23T14:36:08-07:00,0,0
style.css,151,css,b85579df,Brandon Lum,2026-04-23,14:36:08,-07:00,2026-04-23T14:36:08-07:00,0,0
style.css,152,css,b85579df,Brandon Lum,2026-04-23,14:36:08,-07:00,2026-04-23T14:36:08-07:00,0,15
style.css,153,css,b85579df,Brandon Lum,2026-04-23,14:36:08,-07:00,2026-04-23T14:36:08-07:00,0,11
style.css,154,css,b85579df,Brandon Lum,2026-04-23,14:36:08,-07:00,2026-04-23T14:36:08-07:00,0,35
style.css,155,css,b85579df,Brandon Lum,2026-04-23,14:36:08,-07:00,2026-04-23T14:36:08-07:00,0,0
style.css,156,css,b85579df,Brandon Lum,2026-04-23,14:36:08,-07:00,2026-04-23T14:36:08-07:00,0,0
style.css,157,css,b85579df,Brandon Lum,2026-04-23,14:36:08,-07:00,2026-04-23T14:36:08-07:00,0,16
style.css,158,css,b85579df,Brandon Lum,2026-04-23,14:36:08,-07:00,2026-04-23T14:36:08-07:00,0,9
style.css,159,css,b85579df,Brandon Lum,2026-04-23,14:36:08,-07:00,2026-04-23T14:36:08-07:00,0,15
style.css,160,css,b85579df,Brandon Lum,2026-04-23,14:36:08,-07:00,2026-04-23T14:36:08-07:00,0,0
style.css,161,css,b85579df,Brandon Lum,2026-04-23,14:36:08,-07:00,2026-04-23T14:36:08-07:00,0,0
style.css,162,css,b85579df,Brandon Lum,2026-04-23,14:36:08,-07:00,2026-04-23T14:36:08-07:00,0,16
style.css,163,css,b85579df,Brandon Lum,2026-04-23,14:36:08,-07:00,2026-04-23T14:36:08-07:00,0,9
style.css,164,css,fb86fc43,Brandon Lum,2026-04-28,23:47:24,-07:00,2026-04-28T23:47:24-07:00,0,0
style.css,165,css,fb86fc43,Brandon Lum,2026-04-28,23:47:24,-07:00,2026-04-28T23:47:24-07:00,0,0
style.css,166,css,fb86fc43,Brandon Lum,2026-04-28,23:47:24,-07:00,2026-04-28T23:47:24-07:00,0,17
style.css,167,css,fb86fc43,Brandon Lum,2026-04-28,23:47:24,-07:00,2026-04-28T23:47:24-07:00,0,13
style.css,168,css,fb86fc43,Brandon Lum,2026-04-28,23:47:24,-07:00,2026-04-28T23:47:24-07:00,0,15
style.css,169,css,fb86fc43,Brandon Lum,2026-04-28,23:47:24,-07:00,2026-04-28T23:47:24-07:00,0,0
style.css,170,css,fb86fc43,Brandon Lum,2026-04-28,23:47:24,-07:00,2026-04-28T23:47:24-07:00,0,15
style.css,171,css,fb86fc43,Brandon Lum,2026-04-28,23:47:24,-07:00,2026-04-28T23:47:24-07:00,0,0
style.css,172,css,fb86fc43,Brandon Lum,2026-04-28,23:47:24,-07:00,2026-04-28T23:47:24-07:00,0,0
style.css,173,css,fb86fc43,Brandon Lum,2026-04-28,23:47:24,-07:00,2026-04-28T23:47:24-07:00,0,6
style.css,174,css,fb86fc43,Brandon Lum,2026-04-28,23:47:24,-07:00,2026-04-28T23:47:24-07:00,0,19
style.css,175,css,fb86fc43,Brandon Lum,2026-04-28,23:47:24,-07:00,2026-04-28T23:47:24-07:00,0,9
style.css,176,css,fb86fc43,Brandon Lum,2026-04-28,23:47:24,-07:00,2026-04-28T23:47:24-07:00,0,10
style.css,177,css,fb86fc43,Brandon Lum,2026-04-28,23:47:24,-07:00,2026-04-28T23:47:24-07:00,0,17
style.css,178,css,fb86fc43,Brandon Lum,2026-04-28,23:47:24,-07:00,2026-04-28T23:47:24-07:00,0,22
style.css,179,css,fb86fc43,Brandon Lum,2026-04-28,23:47:24,-07:00,2026-04-28T23:47:24-07:00,0,40
style.css,180,css,fb86fc43,Brandon Lum,2026-04-28,23:47:24,-07:00,2026-04-28T23:47:24-07:00,0,15
style.css,181,css,fb86fc43,Brandon Lum,2026-04-28,23:47:24,-07:00,2026-04-28T23:47:24-07:00,0,0
style.css,182,css,fb86fc43,Brandon Lum,2026-04-28,23:47:24,-07:00,2026-04-28T23:47:24-07:00,0,0
style.css,183,css,fb86fc43,Brandon Lum,2026-04-28,23:47:24,-07:00,2026-04-28T23:47:24-07:00,0,6
style.css,184,css,fb86fc43,Brandon Lum,2026-04-28,23:47:24,-07:00,2026-04-28T23:47:24-07:00,0,11
style.css,185,css,fb86fc43,Brandon Lum,2026-04-28,23:47:24,-07:00,2026-04-28T23:47:24-07:00,0,5
style.css,186,css,fb86fc43,Brandon Lum,2026-04-28,23:47:24,-07:00,2026-04-28T23:47:24-07:00,0,56
style.css,187,css,fb86fc43,Brandon Lum,2026-04-28,23:47:24,-07:00,2026-04-28T23:47:24-07:00,0,7
style.css,188,css,fb86fc43,Brandon Lum,2026-04-28,23:47:24,-07:00,2026-04-28T23:47:24-07:00,0,10
style.css,189,css,fb86fc43,Brandon Lum,2026-04-28,23:47:24,-07:00,2026-04-28T23:47:24-07:00,0,14
style.css,190,css,fb86fc43,Brandon Lum,2026-04-28,23:47:24,-07:00,2026-04-28T23:47:24-07:00,0,9
style.css,191,css,fb86fc43,Brandon Lum,2026-04-28,23:47:24,-07:00,2026-04-28T23:47:24-07:00,0,35
style.css,192,css,fb86fc43,Brandon Lum,2026-04-28,23:47:24,-07:00,2026-04-28T23:47:24-07:00,0,0
style.css,193,css,fb86fc43,Brandon Lum,2026-04-28,23:47:24,-07:00,2026-04-28T23:47:24-07:00,0,0
style.css,194,css,fb86fc43,Brandon Lum,2026-04-28,23:47:24,-07:00,2026-04-28T23:47:24-07:00,0,9
style.css,195,css,fb86fc43,Brandon Lum,2026-04-28,23:47:24,-07:00,2026-04-28T23:47:24-07:00,0,11
style.css,196,css,fb86fc43,Brandon Lum,2026-04-28,23:47:24,-07:00,2026-04-28T23:47:24-07:00,0,7
style.css,197,css,fb86fc43,Brandon Lum,2026-04-28,23:47:24,-07:00,2026-04-28T23:47:24-07:00,0,17
style.css,198,css,fb86fc43,Brandon Lum,2026-04-28,23:47:24,-07:00,2026-04-28T23:47:24-07:00,0,0
style.css,199,css,fb86fc43,Brandon Lum,2026-04-28,23:47:24,-07:00,2026-04-28T23:47:24-07:00,0,0
style.css,200,css,fb86fc43,Brandon Lum,2026-04-28,23:47:24,-07:00,2026-04-28T23:47:24-07:00,0,3
style.css,201,css,fb86fc43,Brandon Lum,2026-04-28,23:47:24,-07:00,2026-04-28T23:47:24-07:00,0,16
style.css,202,css,fb86fc43,Brandon Lum,2026-04-28,23:47:24,-07:00,2026-04-28T23:47:24-07:00,0,15
style.css,203,css,fb86fc43,Brandon Lum,2026-04-28,23:47:24,-07:00,2026-04-28T23:47:24-07:00,0,13
style.css,204,css,fb86fc43,Brandon Lum,2026-04-28,23:47:24,-07:00,2026-04-28T23:47:24-07:00,0,0
style.css,205,css,fb86fc43,Brandon Lum,2026-04-28,23:47:24,-07:00,2026-04-28T23:47:24-07:00,0,0
style.css,206,css,fb86fc43,Brandon Lum,2026-04-28,23:47:24,-07:00,2026-04-28T23:47:24-07:00,0,35
style.css,207,css,fb86fc43,Brandon Lum,2026-04-28,23:47:24,-07:00,2026-04-28T23:47:24-07:00,0,10
style.css,208,css,fb86fc43,Brandon Lum,2026-04-28,23:47:24,-07:00,2026-04-28T23:47:24-07:00,0,0
style.css,209,css,fb86fc43,Brandon Lum,2026-04-28,23:47:24,-07:00,2026-04-28T23:47:24-07:00,0,0
style.css,210,css,fb86fc43,Brandon Lum,2026-04-28,23:47:24,-07:00,2026-04-28T23:47:24-07:00,0,8
style.css,211,css,fb86fc43,Brandon Lum,2026-04-28,23:47:24,-07:00,2026-04-28T23:47:24-07:00,0,34
style.css,212,css,fb86fc43,Brandon Lum,2026-04-28,23:47:24,-07:00,2026-04-28T23:47:24-07:00,0,0
style.css,213,css,fb86fc43,Brandon Lum,2026-04-28,23:47:24,-07:00,2026-04-28T23:47:24-07:00,0,0
style.css,214,css,fb86fc43,Brandon Lum,2026-04-28,23:47:24,-07:00,2026-04-28T23:47:24-07:00,0,17
style.css,215,css,fb86fc43,Brandon Lum,2026-04-28,23:47:24,-07:00,2026-04-28T23:47:24-07:00,0,16
style.css,216,css,fb86fc43,Brandon Lum,2026-04-28,23:47:24,-07:00,2026-04-28T23:47:24-07:00,0,0
style.css,217,css,fb86fc43,Brandon Lum,2026-04-28,23:47:24,-07:00,2026-04-28T23:47:24-07:00,0,0
index.js,1,js,b85579df,Brandon Lum,2026-04-23,14:36:08,-07:00,2026-04-23T14:36:08-07:00,0,70
index.js,2,js,b85579df,Brandon Lum,2026-04-23,14:36:08,-07:00,2026-04-23T14:36:08-07:00,0,0
index.js,3,js,b85579df,Brandon Lum,2026-04-23,14:36:08,-07:00,2026-04-23T14:36:08-07:00,0,53
index.js,4,js,b85579df,Brandon Lum,2026-04-23,14:36:08,-07:00,2026-04-23T14:36:08-07:00,0,41
index.js,5,js,b85579df,Brandon Lum,2026-04-23,14:36:08,-07:00,2026-04-23T14:36:08-07:00,0,0
index.js,6,js,b85579df,Brandon Lum,2026-04-23,14:36:08,-07:00,2026-04-23T14:36:08-07:00,0,59
index.js,7,js,b85579df,Brandon Lum,2026-04-23,14:36:08,-07:00,2026-04-23T14:36:08-07:00,0,53
index.js,8,js,b85579df,Brandon Lum,2026-04-23,14:36:08,-07:00,2026-04-23T14:36:08-07:00,0,0
index.js,9,js,b85579df,Brandon Lum,2026-04-23,14:36:08,-07:00,2026-04-23T14:36:08-07:00,0,47
index.js,10,js,b85579df,Brandon Lum,2026-04-23,14:36:08,-07:00,2026-04-23T14:36:08-07:00,0,0
index.js,11,js,b85579df,Brandon Lum,2026-04-23,14:36:08,-07:00,2026-04-23T14:36:08-07:00,0,59
index.js,12,js,b85579df,Brandon Lum,2026-04-23,14:36:08,-07:00,2026-04-23T14:36:08-07:00,0,0
index.js,13,js,b85579df,Brandon Lum,2026-04-23,14:36:08,-07:00,2026-04-23T14:36:08-07:00,0,16
index.js,14,js,b85579df,Brandon Lum,2026-04-23,14:36:08,-07:00,2026-04-23T14:36:08-07:00,0,23
index.js,15,js,b85579df,Brandon Lum,2026-04-23,14:36:08,-07:00,2026-04-23T14:36:08-07:00,2,1
index.js,16,js,b85579df,Brandon Lum,2026-04-23,14:36:08,-07:00,2026-04-23T14:36:08-07:00,3,54
index.js,17,js,b85579df,Brandon Lum,2026-04-23,14:36:08,-07:00,2026-04-23T14:36:08-07:00,3,54
index.js,18,js,b85579df,Brandon Lum,2026-04-23,14:36:08,-07:00,2026-04-23T14:36:08-07:00,2,2
index.js,19,js,b85579df,Brandon Lum,2026-04-23,14:36:08,-07:00,2026-04-23T14:36:08-07:00,1,0
index.js,20,js,b85579df,Brandon Lum,2026-04-23,14:36:08,-07:00,2026-04-23T14:36:08-07:00,0,0
index.html,1,html,597f6a5,Brandon Lum,2026-04-01,16:39:01,-07:00,2026-04-01T16:39:01-07:00,0,12
index.html,2,html,597f6a5,Brandon Lum,2026-04-01,16:39:01,-07:00,2026-04-01T16:39:01-07:00,0,13
index.html,3,html,597f6a5,Brandon Lum,2026-04-01,16:39:01,-07:00,2026-04-01T16:39:01-07:00,0,3
index.html,4,html,597f6a5,Brandon Lum,2026-04-01,16:39:01,-07:00,2026-04-01T16:39:01-07:00,1,19
index.html,5,html,597f6a5,Brandon Lum,2026-04-01,16:39:01,-07:00,2026-04-01T16:39:01-07:00,1,67
index.html,6,html,597f6a5,Brandon Lum,2026-04-01,16:39:01,-07:00,2026-04-01T16:39:01-07:00,1,52
index.html,7,html,ff8159e4,Brandon Lum,2026-04-01,17:14:20,-07:00,2026-04-01T17:14:20-07:00,1,37
index.html,8,html,290c568e,Brandon Lum,2026-04-15,16:49:11,-07:00,2026-04-15T16:49:11-07:00,1,44
index.html,9,html,b85579df,Brandon Lum,2026-04-23,14:36:08,-07:00,2026-04-23T14:36:08-07:00,1,49
index.html,10,html,fb86fc43,Brandon Lum,2026-04-28,23:47:24,-07:00,2026-04-28T23:47:24-07:00,1,50
index.html,11,html,597f6a5,Brandon Lum,2026-04-01,16:39:01,-07:00,2026-04-01T16:39:01-07:00,0,4
index.html,12,html,597f6a5,Brandon Lum,2026-04-01,16:39:01,-07:00,2026-04-01T16:39:01-07:00,0,3
index.html,13,html,290c568e,Brandon Lum,2026-04-15,16:49:11,-07:00,2026-04-15T16:49:11-07:00,1,1
index.html,14,html,ff8159e4,Brandon Lum,2026-04-01,17:14:20,-07:00,2026-04-01T17:14:20-07:00,1,2
index.html,15,html,290c568e,Brandon Lum,2026-04-15,16:49:11,-07:00,2026-04-15T16:49:11-07:00,2,18
index.html,16,html,511ba3b6,Brandon Lum,2026-04-02,10:08:30,-07:00,2026-04-02T10:08:30-07:00,2,31
index.html,17,html,511ba3b6,Brandon Lum,2026-04-02,10:08:30,-07:00,2026-04-02T10:08:30-07:00,2,27
index.html,18,html,511ba3b6,Brandon Lum,2026-04-02,10:08:30,-07:00,2026-04-02T10:08:30-07:00,2,29
index.html,19,html,ff8159e4,Brandon Lum,2026-04-01,17:14:20,-07:00,2026-04-01T17:14:20-07:00,2,58
index.html,20,html,ff8159e4,Brandon Lum,2026-04-01,17:14:20,-07:00,2026-04-01T17:14:20-07:00,1,3
index.html,21,html,290c568e,Brandon Lum,2026-04-15,16:49:11,-07:00,2026-04-15T16:49:11-07:00,1,0
index.html,22,html,597f6a5,Brandon Lum,2026-04-01,16:39:01,-07:00,2026-04-01T16:39:01-07:00,1,17
index.html,23,html,597f6a5,Brandon Lum,2026-04-01,16:39:01,-07:00,2026-04-01T16:39:01-07:00,0,0
index.html,24,html,597f6a5,Brandon Lum,2026-04-01,16:39:01,-07:00,2026-04-01T16:39:01-07:00,1,208
index.html,25,html,597f6a5,Brandon Lum,2026-04-01,16:39:01,-07:00,2026-04-01T16:39:01-07:00,1,0
index.html,26,html,5e9704b7,Brandon Lum,2026-04-09,13:21:21,-07:00,2026-04-09T13:21:21-07:00,1,108
index.html,27,html,b85579df,Brandon Lum,2026-04-23,14:36:08,-07:00,2026-04-23T14:36:08-07:00,0,0
index.html,28,html,b85579df,Brandon Lum,2026-04-23,14:36:08,-07:00,2026-04-23T14:36:08-07:00,1,21
index.html,29,html,b85579df,Brandon Lum,2026-04-23,14:36:08,-07:00,2026-04-23T14:36:08-07:00,1,19
index.html,30,html,b85579df,Brandon Lum,2026-04-23,14:36:08,-07:00,2026-04-23T14:36:08-07:00,1,3
index.html,31,html,b85579df,Brandon Lum,2026-04-23,14:36:08,-07:00,2026-04-23T14:36:08-07:00,0,0
index.html,32,html,b85579df,Brandon Lum,2026-04-23,14:36:08,-07:00,2026-04-23T14:36:08-07:00,1,27
index.html,33,html,b85579df,Brandon Lum,2026-04-23,14:36:08,-07:00,2026-04-23T14:36:08-07:00,0,3
index.html,34,html,597f6a5,Brandon Lum,2026-04-01,16:39:01,-07:00,2026-04-01T16:39:01-07:00,0,4
index.html,35,html,597f6a5,Brandon Lum,2026-04-01,16:39:01,-07:00,2026-04-01T16:39:01-07:00,0,4
global.js,1,js,290c568e,Brandon Lum,2026-04-15,16:49:11,-07:00,2026-04-15T16:49:11-07:00,0,24
global.js,2,js,290c568e,Brandon Lum,2026-04-15,16:49:11,-07:00,2026-04-15T16:49:11-07:00,0,0
global.js,3,js,290c568e,Brandon Lum,2026-04-15,16:49:11,-07:00,2026-04-15T16:49:11-07:00,0,40
global.js,4,js,290c568e,Brandon Lum,2026-04-15,16:49:11,-07:00,2026-04-15T16:49:11-07:00,0,51
global.js,5,js,290c568e,Brandon Lum,2026-04-15,16:49:11,-07:00,2026-04-15T16:49:11-07:00,0,0
global.js,6,js,290c568e,Brandon Lum,2026-04-15,16:49:11,-07:00,2026-04-15T16:49:11-07:00,0,0
global.js,7,js,290c568e,Brandon Lum,2026-04-15,16:49:11,-07:00,2026-04-15T16:49:11-07:00,0,0
global.js,8,js,290c568e,Brandon Lum,2026-04-15,16:49:11,-07:00,2026-04-15T16:49:11-07:00,0,29
global.js,9,js,290c568e,Brandon Lum,2026-04-15,16:49:11,-07:00,2026-04-15T16:49:11-07:00,0,65
global.js,10,js,290c568e,Brandon Lum,2026-04-15,16:49:11,-07:00,2026-04-15T16:49:11-07:00,0,0
global.js,11,js,290c568e,Brandon Lum,2026-04-15,16:49:11,-07:00,2026-04-15T16:49:11-07:00,0,0
global.js,12,js,290c568e,Brandon Lum,2026-04-15,16:49:11,-07:00,2026-04-15T16:49:11-07:00,0,35
global.js,13,js,290c568e,Brandon Lum,2026-04-15,16:49:11,-07:00,2026-04-15T16:49:11-07:00,0,0
global.js,14,js,290c568e,Brandon Lum,2026-04-15,16:49:11,-07:00,2026-04-15T16:49:11-07:00,0,0
global.js,15,js,290c568e,Brandon Lum,2026-04-15,16:49:11,-07:00,2026-04-15T16:49:11-07:00,0,0
global.js,16,js,290c568e,Brandon Lum,2026-04-15,16:49:11,-07:00,2026-04-15T16:49:11-07:00,0,87
global.js,17,js,290c568e,Brandon Lum,2026-04-15,16:49:11,-07:00,2026-04-15T16:49:11-07:00,0,35
global.js,18,js,7bda6825,Brandon Lum,2026-04-15,17:03:09,-07:00,2026-04-15T17:03:09-07:00,0,47
global.js,19,js,290c568e,Brandon Lum,2026-04-15,16:49:11,-07:00,2026-04-15T16:49:11-07:00,0,0
global.js,20,js,290c568e,Brandon Lum,2026-04-15,16:49:11,-07:00,2026-04-15T16:49:11-07:00,0,0
global.js,21,js,290c568e,Brandon Lum,2026-04-15,16:49:11,-07:00,2026-04-15T16:49:11-07:00,0,10
global.js,22,js,290c568e,Brandon Lum,2026-04-15,16:49:11,-07:00,2026-04-15T16:49:11-07:00,0,24
global.js,23,js,290c568e,Brandon Lum,2026-04-15,16:49:11,-07:00,2026-04-15T16:49:11-07:00,0,37
global.js,24,js,290c568e,Brandon Lum,2026-04-15,16:49:11,-07:00,2026-04-15T16:49:11-07:00,0,33
global.js,25,js,290c568e,Brandon Lum,2026-04-15,16:49:11,-07:00,2026-04-15T16:49:11-07:00,0,36
global.js,26,js,00000000,Not Committed Yet,2026-05-06,10:39:18,-07:00,2026-05-06T10:39:18-07:00,0,49
global.js,27,js,00000000,Not Committed Yet,2026-05-06,10:39:18,-07:00,2026-05-06T10:39:18-07:00,0,27
global.js,28,js,290c568e,Brandon Lum,2026-04-15,16:49:11,-07:00,2026-04-15T16:49:11-07:00,0,31
global.js,29,js,290c568e,Brandon Lum,2026-04-15,16:49:11,-07:00,2026-04-15T16:49:11-07:00,0,0
global.js,30,js,290c568e,Brandon Lum,2026-04-15,16:49:11,-07:00,2026-04-15T16:49:11-07:00,0,0
global.js,31,js,290c568e,Brandon Lum,2026-04-15,16:49:11,-07:00,2026-04-15T16:49:11-07:00,0,37
global.js,32,js,290c568e,Brandon Lum,2026-04-15,16:49:11,-07:00,2026-04-15T16:49:11-07:00,0,0
global.js,33,js,290c568e,Brandon Lum,2026-04-15,16:49:11,-07:00,2026-04-15T16:49:11-07:00,0,0
global.js,34,js,290c568e,Brandon Lum,2026-04-15,16:49:11,-07:00,2026-04-15T16:49:11-07:00,0,19
global.js,35,js,290c568e,Brandon Lum,2026-04-15,16:49:11,-07:00,2026-04-15T16:49:11-07:00,0,13
global.js,36,js,290c568e,Brandon Lum,2026-04-15,16:49:11,-07:00,2026-04-15T16:49:11-07:00,0,17
global.js,37,js,290c568e,Brandon Lum,2026-04-15,16:49:11,-07:00,2026-04-15T16:49:11-07:00,0,0
global.js,38,js,290c568e,Brandon Lum,2026-04-15,16:49:11,-07:00,2026-04-15T16:49:11-07:00,0,39
global.js,39,js,290c568e,Brandon Lum,2026-04-15,16:49:11,-07:00,2026-04-15T16:49:11-07:00,0,38
global.js,40,js,290c568e,Brandon Lum,2026-04-15,16:49:11,-07:00,2026-04-15T16:49:11-07:00,0,0
global.js,41,js,290c568e,Brandon Lum,2026-04-15,16:49:11,-07:00,2026-04-15T16:49:11-07:00,0,33
global.js,42,js,290c568e,Brandon Lum,2026-04-15,16:49:11,-07:00,2026-04-15T16:49:11-07:00,0,10
global.js,43,js,290c568e,Brandon Lum,2026-04-15,16:49:11,-07:00,2026-04-15T16:49:11-07:00,0,19
global.js,44,js,290c568e,Brandon Lum,2026-04-15,16:49:11,-07:00,2026-04-15T16:49:11-07:00,0,0
global.js,45,js,290c568e,Brandon Lum,2026-04-15,16:49:11,-07:00,2026-04-15T16:49:11-07:00,0,14
global.js,46,js,290c568e,Brandon Lum,2026-04-15,16:49:11,-07:00,2026-04-15T16:49:11-07:00,1,17
global.js,47,js,290c568e,Brandon Lum,2026-04-15,16:49:11,-07:00,2026-04-15T16:49:11-07:00,1,27
global.js,48,js,290c568e,Brandon Lum,2026-04-15,16:49:11,-07:00,2026-04-15T16:49:11-07:00,0,0
global.js,49,js,290c568e,Brandon Lum,2026-04-15,16:49:11,-07:00,2026-04-15T16:49:11-07:00,0,0
global.js,50,js,290c568e,Brandon Lum,2026-04-15,16:49:11,-07:00,2026-04-15T16:49:11-07:00,0,64
global.js,51,js,290c568e,Brandon Lum,2026-04-15,16:49:11,-07:00,2026-04-15T16:49:11-07:00,1,24
global.js,52,js,290c568e,Brandon Lum,2026-04-15,16:49:11,-07:00,2026-04-15T16:49:11-07:00,0,0
global.js,53,js,290c568e,Brandon Lum,2026-04-15,16:49:11,-07:00,2026-04-15T16:49:11-07:00,0,0
global.js,54,js,290c568e,Brandon Lum,2026-04-15,16:49:11,-07:00,2026-04-15T16:49:11-07:00,0,11
global.js,55,js,290c568e,Brandon Lum,2026-04-15,16:49:11,-07:00,2026-04-15T16:49:11-07:00,0,0
global.js,56,js,290c568e,Brandon Lum,2026-04-15,16:49:11,-07:00,2026-04-15T16:49:11-07:00,0,0
global.js,57,js,290c568e,Brandon Lum,2026-04-15,16:49:11,-07:00,2026-04-15T16:49:11-07:00,0,24
global.js,58,js,290c568e,Brandon Lum,2026-04-15,16:49:11,-07:00,2026-04-15T16:49:11-07:00,0,0
global.js,59,js,290c568e,Brandon Lum,2026-04-15,16:49:11,-07:00,2026-04-15T16:49:11-07:00,0,30
global.js,60,js,290c568e,Brandon Lum,2026-04-15,16:49:11,-07:00,2026-04-15T16:49:11-07:00,0,10
global.js,61,js,290c568e,Brandon Lum,2026-04-15,16:49:11,-07:00,2026-04-15T16:49:11-07:00,0,0
global.js,62,js,290c568e,Brandon Lum,2026-04-15,16:49:11,-07:00,2026-04-15T16:49:11-07:00,0,25
global.js,63,js,290c568e,Brandon Lum,2026-04-15,16:49:11,-07:00,2026-04-15T16:49:11-07:00,0,3
global.js,64,js,290c568e,Brandon Lum,2026-04-15,16:49:11,-07:00,2026-04-15T16:49:11-07:00,0,5
global.js,65,js,290c568e,Brandon Lum,2026-04-15,16:49:11,-07:00,2026-04-15T16:49:11-07:00,2,42
global.js,66,js,290c568e,Brandon Lum,2026-04-15,16:49:11,-07:00,2026-04-15T16:49:11-07:00,2,33
global.js,67,js,290c568e,Brandon Lum,2026-04-15,16:49:11,-07:00,2026-04-15T16:49:11-07:00,2,31
global.js,68,js,290c568e,Brandon Lum,2026-04-15,16:49:11,-07:00,2026-04-15T16:49:11-07:00,0,6
global.js,69,js,290c568e,Brandon Lum,2026-04-15,16:49:11,-07:00,2026-04-15T16:49:11-07:00,0,7
global.js,70,js,290c568e,Brandon Lum,2026-04-15,16:49:11,-07:00,2026-04-15T16:49:11-07:00,0,0
global.js,71,js,290c568e,Brandon Lum,2026-04-15,16:49:11,-07:00,2026-04-15T16:49:11-07:00,0,0
global.js,72,js,290c568e,Brandon Lum,2026-04-15,16:49:11,-07:00,2026-04-15T16:49:11-07:00,0,56
global.js,73,js,290c568e,Brandon Lum,2026-04-15,16:49:11,-07:00,2026-04-15T16:49:11-07:00,0,0
global.js,74,js,290c568e,Brandon Lum,2026-04-15,16:49:11,-07:00,2026-04-15T16:49:11-07:00,0,36
global.js,75,js,290c568e,Brandon Lum,2026-04-15,16:49:11,-07:00,2026-04-15T16:49:11-07:00,0,0
global.js,76,js,290c568e,Brandon Lum,2026-04-15,16:49:11,-07:00,2026-04-15T16:49:11-07:00,0,9
global.js,77,js,290c568e,Brandon Lum,2026-04-15,16:49:11,-07:00,2026-04-15T16:49:11-07:00,0,63
global.js,78,js,290c568e,Brandon Lum,2026-04-15,16:49:11,-07:00,2026-04-15T16:49:11-07:00,0,18
global.js,79,js,290c568e,Brandon Lum,2026-04-15,16:49:11,-07:00,2026-04-15T16:49:11-07:00,0,0
global.js,80,js,290c568e,Brandon Lum,2026-04-15,16:49:11,-07:00,2026-04-15T16:49:11-07:00,0,48
global.js,81,js,290c568e,Brandon Lum,2026-04-15,16:49:11,-07:00,2026-04-15T16:49:11-07:00,0,56
global.js,82,js,290c568e,Brandon Lum,2026-04-15,16:49:11,-07:00,2026-04-15T16:49:11-07:00,0,76
global.js,83,js,290c568e,Brandon Lum,2026-04-15,16:49:11,-07:00,2026-04-15T16:49:11-07:00,0,43
global.js,84,js,b85579df,Brandon Lum,2026-04-23,14:36:08,-07:00,2026-04-23T14:36:08-07:00,0,0
global.js,85,js,b85579df,Brandon Lum,2026-04-23,14:36:08,-07:00,2026-04-23T14:36:08-07:00,0,0
global.js,86,js,b85579df,Brandon Lum,2026-04-23,14:36:08,-07:00,2026-04-23T14:36:08-07:00,0,35
global.js,87,js,b85579df,Brandon Lum,2026-04-23,14:36:08,-07:00,2026-04-23T14:36:08-07:00,0,2
global.js,88,js,b85579df,Brandon Lum,2026-04-23,14:36:08,-07:00,2026-04-23T14:36:08-07:00,1,38
global.js,89,js,b85579df,Brandon Lum,2026-04-23,14:36:08,-07:00,2026-04-23T14:36:08-07:00,1,31
global.js,90,js,b85579df,Brandon Lum,2026-04-23,14:36:08,-07:00,2026-04-23T14:36:08-07:00,1,16
global.js,91,js,b85579df,Brandon Lum,2026-04-23,14:36:08,-07:00,2026-04-23T14:36:08-07:00,2,19
global.js,92,js,b85579df,Brandon Lum,2026-04-23,14:36:08,-07:00,2026-04-23T14:36:08-07:00,2,65
global.js,93,js,b85579df,Brandon Lum,2026-04-23,14:36:08,-07:00,2026-04-23T14:36:08-07:00,1,0
global.js,94,js,b85579df,Brandon Lum,2026-04-23,14:36:08,-07:00,2026-04-23T14:36:08-07:00,0,0
global.js,95,js,b85579df,Brandon Lum,2026-04-23,14:36:08,-07:00,2026-04-23T14:36:08-07:00,1,32
global.js,96,js,b85579df,Brandon Lum,2026-04-23,14:36:08,-07:00,2026-04-23T14:36:08-07:00,1,9
global.js,97,js,b85579df,Brandon Lum,2026-04-23,14:36:08,-07:00,2026-04-23T14:36:08-07:00,0,14
global.js,98,js,b85579df,Brandon Lum,2026-04-23,14:36:08,-07:00,2026-04-23T14:36:08-07:00,1,58
global.js,99,js,b85579df,Brandon Lum,2026-04-23,14:36:08,-07:00,2026-04-23T14:36:08-07:00,0,0
global.js,100,js,b85579df,Brandon Lum,2026-04-23,14:36:08,-07:00,2026-04-23T14:36:08-07:00,0,0
global.js,101,js,b85579df,Brandon Lum,2026-04-23,14:36:08,-07:00,2026-04-23T14:36:08-07:00,0,0
global.js,102,js,b85579df,Brandon Lum,2026-04-23,14:36:08,-07:00,2026-04-23T14:36:08-07:00,0,77
global.js,103,js,b85579df,Brandon Lum,2026-04-23,14:36:08,-07:00,2026-04-23T14:36:08-07:00,0,29
global.js,104,js,b85579df,Brandon Lum,2026-04-23,14:36:08,-07:00,2026-04-23T14:36:08-07:00,0,0
global.js,105,js,b85579df,Brandon Lum,2026-04-23,14:36:08,-07:00,2026-04-23T14:36:08-07:00,0,21
global.js,106,js,b85579df,Brandon Lum,2026-04-23,14:36:08,-07:00,2026-04-23T14:36:08-07:00,1,47
global.js,107,js,b85579df,Brandon Lum,2026-04-23,14:36:08,-07:00,2026-04-23T14:36:08-07:00,1,18
global.js,108,js,fb86fc43,Brandon Lum,2026-04-28,23:47:24,-07:00,2026-04-28T23:47:24-07:00,2,2
global.js,109,js,fb86fc43,Brandon Lum,2026-04-28,23:47:24,-07:00,2026-04-28T23:47:24-07:00,2,42
global.js,110,js,fb86fc43,Brandon Lum,2026-04-28,23:47:24,-07:00,2026-04-28T23:47:24-07:00,2,36
global.js,111,js,fb86fc43,Brandon Lum,2026-04-28,23:47:24,-07:00,2026-04-28T23:47:24-07:00,2,20
global.js,112,js,fb86fc43,Brandon Lum,2026-04-28,23:47:24,-07:00,2026-04-28T23:47:24-07:00,2,3
global.js,113,js,fb86fc43,Brandon Lum,2026-04-28,23:47:24,-07:00,2026-04-28T23:47:24-07:00,2,2
global.js,114,js,fb86fc43,Brandon Lum,2026-04-28,23:47:24,-07:00,2026-04-28T23:47:24-07:00,2,13
global.js,115,js,fb86fc43,Brandon Lum,2026-04-28,23:47:24,-07:00,2026-04-28T23:47:24-07:00,2,3
global.js,116,js,b85579df,Brandon Lum,2026-04-23,14:36:08,-07:00,2026-04-23T14:36:08-07:00,1,0
global.js,117,js,b85579df,Brandon Lum,2026-04-23,14:36:08,-07:00,2026-04-23T14:36:08-07:00,1,35
global.js,118,js,b85579df,Brandon Lum,2026-04-23,14:36:08,-07:00,2026-04-23T14:36:08-07:00,0,0
global.js,119,js,b85579df,Brandon Lum,2026-04-23,14:36:08,-07:00,2026-04-23T14:36:08-07:00,0,0
global.js,120,js,b85579df,Brandon Lum,2026-04-23,14:36:08,-07:00,2026-04-23T14:36:08-07:00,0,0
global.js,121,js,b85579df,Brandon Lum,2026-04-23,14:36:08,-07:00,2026-04-23T14:36:08-07:00,0,46
global.js,122,js,b85579df,Brandon Lum,2026-04-23,14:36:08,-07:00,2026-04-23T14:36:08-07:00,0,58
global.js,123,js,b85579df,Brandon Lum,2026-04-23,14:36:08,-07:00,2026-04-23T14:36:08-07:00,0,0
resume/index.html,1,html,ff8159e4,Brandon Lum,2026-04-01,17:14:20,-07:00,2026-04-01T17:14:20-07:00,0,12
resume/index.html,2,html,ff8159e4,Brandon Lum,2026-04-01,17:14:20,-07:00,2026-04-01T17:14:20-07:00,0,13
resume/index.html,3,html,ff8159e4,Brandon Lum,2026-04-01,17:14:20,-07:00,2026-04-01T17:14:20-07:00,0,3
resume/index.html,4,html,ff8159e4,Brandon Lum,2026-04-01,17:14:20,-07:00,2026-04-01T17:14:20-07:00,1,19
resume/index.html,5,html,ff8159e4,Brandon Lum,2026-04-01,17:14:20,-07:00,2026-04-01T17:14:20-07:00,1,67
resume/index.html,6,html,ff8159e4,Brandon Lum,2026-04-01,17:14:20,-07:00,2026-04-01T17:14:20-07:00,1,18
resume/index.html,7,html,5e9704b7,Brandon Lum,2026-04-09,13:21:21,-07:00,2026-04-09T13:21:21-07:00,1,40
resume/index.html,8,html,290c568e,Brandon Lum,2026-04-15,16:49:11,-07:00,2026-04-15T16:49:11-07:00,1,47
resume/index.html,9,html,ff8159e4,Brandon Lum,2026-04-01,17:14:20,-07:00,2026-04-01T17:14:20-07:00,0,4
resume/index.html,10,html,ff8159e4,Brandon Lum,2026-04-01,17:14:20,-07:00,2026-04-01T17:14:20-07:00,0,3
resume/index.html,11,html,290c568e,Brandon Lum,2026-04-15,16:49:11,-07:00,2026-04-15T16:49:11-07:00,0,0
resume/index.html,12,html,290c568e,Brandon Lum,2026-04-15,16:49:11,-07:00,2026-04-15T16:49:11-07:00,1,1
resume/index.html,13,html,ff8159e4,Brandon Lum,2026-04-01,17:14:20,-07:00,2026-04-01T17:14:20-07:00,1,2
resume/index.html,14,html,5ad94ba7,Brandon Lum,2026-04-02,10:01:44,-07:00,2026-04-02T10:01:44-07:00,2,19
resume/index.html,15,html,5ad94ba7,Brandon Lum,2026-04-02,10:01:44,-07:00,2026-04-02T10:01:44-07:00,2,32
resume/index.html,16,html,290c568e,Brandon Lum,2026-04-15,16:49:11,-07:00,2026-04-15T16:49:11-07:00,2,28
resume/index.html,17,html,5ad94ba7,Brandon Lum,2026-04-02,10:01:44,-07:00,2026-04-02T10:01:44-07:00,2,30
resume/index.html,18,html,ff8159e4,Brandon Lum,2026-04-01,17:14:20,-07:00,2026-04-01T17:14:20-07:00,2,58
resume/index.html,19,html,ff8159e4,Brandon Lum,2026-04-01,17:14:20,-07:00,2026-04-01T17:14:20-07:00,1,3
resume/index.html,20,html,290c568e,Brandon Lum,2026-04-15,16:49:11,-07:00,2026-04-15T16:49:11-07:00,1,0
resume/index.html,21,html,079a24e8,Brandon Lum,2026-04-03,12:16:35,-07:00,2026-04-03T12:16:35-07:00,0,0
resume/index.html,22,html,5e9704b7,Brandon Lum,2026-04-09,13:21:21,-07:00,2026-04-09T13:21:21-07:00,1,17
resume/index.html,23,html,079a24e8,Brandon Lum,2026-04-03,12:16:35,-07:00,2026-04-03T12:16:35-07:00,0,0
resume/index.html,24,html,5e9704b7,Brandon Lum,2026-04-09,13:21:21,-07:00,2026-04-09T13:21:21-07:00,2,5
resume/index.html,25,html,079a24e8,Brandon Lum,2026-04-03,12:16:35,-07:00,2026-04-03T12:16:35-07:00,3,0
resume/index.html,26,html,5e9704b7,Brandon Lum,2026-04-09,13:21:21,-07:00,2026-04-09T13:21:21-07:00,4,49
resume/index.html,27,html,079a24e8,Brandon Lum,2026-04-03,12:16:35,-07:00,2026-04-03T12:16:35-07:00,3,1
resume/index.html,28,html,5e9704b7,Brandon Lum,2026-04-09,13:21:21,-07:00,2026-04-09T13:21:21-07:00,2,6
resume/index.html,29,html,5e9704b7,Brandon Lum,2026-04-09,13:21:21,-07:00,2026-04-09T13:21:21-07:00,0,0
resume/index.html,30,html,5e9704b7,Brandon Lum,2026-04-09,13:21:21,-07:00,2026-04-09T13:21:21-07:00,2,6
resume/index.html,31,html,5e9704b7,Brandon Lum,2026-04-09,13:21:21,-07:00,2026-04-09T13:21:21-07:00,3,15
resume/index.html,32,html,5e9704b7,Brandon Lum,2026-04-09,13:21:21,-07:00,2026-04-09T13:21:21-07:00,0,0
resume/index.html,33,html,5e9704b7,Brandon Lum,2026-04-09,13:21:21,-07:00,2026-04-09T13:21:21-07:00,3,6
resume/index.html,34,html,5e9704b7,Brandon Lum,2026-04-09,13:21:21,-07:00,2026-04-09T13:21:21-07:00,4,40
resume/index.html,35,html,5e9704b7,Brandon Lum,2026-04-09,13:21:21,-07:00,2026-04-09T13:21:21-07:00,4,68
resume/index.html,36,html,5e9704b7,Brandon Lum,2026-04-09,13:21:21,-07:00,2026-04-09T13:21:21-07:00,4,38
resume/index.html,37,html,5e9704b7,Brandon Lum,2026-04-09,13:21:21,-07:00,2026-04-09T13:21:21-07:00,3,7
resume/index.html,38,html,5e9704b7,Brandon Lum,2026-04-09,13:21:21,-07:00,2026-04-09T13:21:21-07:00,0,0
resume/index.html,39,html,5e9704b7,Brandon Lum,2026-04-09,13:21:21,-07:00,2026-04-09T13:21:21-07:00,3,6
resume/index.html,40,html,5e9704b7,Brandon Lum,2026-04-09,13:21:21,-07:00,2026-04-09T13:21:21-07:00,4,26
resume/index.html,41,html,5e9704b7,Brandon Lum,2026-04-09,13:21:21,-07:00,2026-04-09T13:21:21-07:00,4,77
resume/index.html,42,html,5e9704b7,Brandon Lum,2026-04-09,13:21:21,-07:00,2026-04-09T13:21:21-07:00,4,39
resume/index.html,43,html,5e9704b7,Brandon Lum,2026-04-09,13:21:21,-07:00,2026-04-09T13:21:21-07:00,4,0
resume/index.html,44,html,5e9704b7,Brandon Lum,2026-04-09,13:21:21,-07:00,2026-04-09T13:21:21-07:00,5,34
resume/index.html,45,html,5e9704b7,Brandon Lum,2026-04-09,13:21:21,-07:00,2026-04-09T13:21:21-07:00,5,74
resume/index.html,46,html,5e9704b7,Brandon Lum,2026-04-09,13:21:21,-07:00,2026-04-09T13:21:21-07:00,5,46
resume/index.html,47,html,5e9704b7,Brandon Lum,2026-04-09,13:21:21,-07:00,2026-04-09T13:21:21-07:00,4,1
resume/index.html,48,html,5e9704b7,Brandon Lum,2026-04-09,13:21:21,-07:00,2026-04-09T13:21:21-07:00,3,7
resume/index.html,49,html,5e9704b7,Brandon Lum,2026-04-09,13:21:21,-07:00,2026-04-09T13:21:21-07:00,2,7
resume/index.html,50,html,5e9704b7,Brandon Lum,2026-04-09,13:21:21,-07:00,2026-04-09T13:21:21-07:00,1,3
resume/index.html,51,html,079a24e8,Brandon Lum,2026-04-03,12:16:35,-07:00,2026-04-03T12:16:35-07:00,0,0
resume/index.html,52,html,ff8159e4,Brandon Lum,2026-04-01,17:14:20,-07:00,2026-04-01T17:14:20-07:00,1,12
resume/index.html,53,html,511ba3b6,Brandon Lum,2026-04-02,10:08:30,-07:00,2026-04-02T10:08:30-07:00,2,64
resume/index.html,54,html,ff8159e4,Brandon Lum,2026-04-01,17:14:20,-07:00,2026-04-01T17:14:20-07:00,3,18
resume/index.html,55,html,511ba3b6,Brandon Lum,2026-04-02,10:08:30,-07:00,2026-04-02T10:08:30-07:00,3,56
resume/index.html,56,html,ff8159e4,Brandon Lum,2026-04-01,17:14:20,-07:00,2026-04-01T17:14:20-07:00,2,1
resume/index.html,57,html,ff8159e4,Brandon Lum,2026-04-01,17:14:20,-07:00,2026-04-01T17:14:20-07:00,0,6
resume/index.html,58,html,ff8159e4,Brandon Lum,2026-04-01,17:14:20,-07:00,2026-04-01T17:14:20-07:00,0,4
resume/index.html,59,html,ff8159e4,Brandon Lum,2026-04-01,17:14:20,-07:00,2026-04-01T17:14:20-07:00,0,4
projects/projects.js,1,js,b85579df,Brandon Lum,2026-04-23,14:36:08,-07:00,2026-04-23T14:36:08-07:00,0,54
projects/projects.js,2,js,fb86fc43,Brandon Lum,2026-04-28,23:47:24,-07:00,2026-04-28T23:47:24-07:00,0,62
projects/projects.js,3,js,b85579df,Brandon Lum,2026-04-23,14:36:08,-07:00,2026-04-23T14:36:08-07:00,0,0
projects/projects.js,4,js,b85579df,Brandon Lum,2026-04-23,14:36:08,-07:00,2026-04-23T14:36:08-07:00,0,54
projects/projects.js,5,js,b85579df,Brandon Lum,2026-04-23,14:36:08,-07:00,2026-04-23T14:36:08-07:00,0,0
projects/projects.js,6,js,b85579df,Brandon Lum,2026-04-23,14:36:08,-07:00,2026-04-23T14:36:08-07:00,0,59
projects/projects.js,7,js,b85579df,Brandon Lum,2026-04-23,14:36:08,-07:00,2026-04-23T14:36:08-07:00,0,61
projects/projects.js,8,js,b85579df,Brandon Lum,2026-04-23,14:36:08,-07:00,2026-04-23T14:36:08-07:00,0,55
projects/projects.js,9,js,b85579df,Brandon Lum,2026-04-23,14:36:08,-07:00,2026-04-23T14:36:08-07:00,0,0
projects/projects.js,10,js,fb86fc43,Brandon Lum,2026-04-28,23:47:24,-07:00,2026-04-28T23:47:24-07:00,0,12
projects/projects.js,11,js,fb86fc43,Brandon Lum,2026-04-28,23:47:24,-07:00,2026-04-28T23:47:24-07:00,0,20
projects/projects.js,12,js,fb86fc43,Brandon Lum,2026-04-28,23:47:24,-07:00,2026-04-28T23:47:24-07:00,0,33
projects/projects.js,13,js,fb86fc43,Brandon Lum,2026-04-28,23:47:24,-07:00,2026-04-28T23:47:24-07:00,0,0
projects/projects.js,14,js,fb86fc43,Brandon Lum,2026-04-28,23:47:24,-07:00,2026-04-28T23:47:24-07:00,0,52
projects/projects.js,15,js,fb86fc43,Brandon Lum,2026-04-28,23:47:24,-07:00,2026-04-28T23:47:24-07:00,0,0
projects/projects.js,16,js,fb86fc43,Brandon Lum,2026-04-28,23:47:24,-07:00,2026-04-28T23:47:24-07:00,0,0
projects/projects.js,17,js,fb86fc43,Brandon Lum,2026-04-28,23:47:24,-07:00,2026-04-28T23:47:24-07:00,0,29
projects/projects.js,18,js,fb86fc43,Brandon Lum,2026-04-28,23:47:24,-07:00,2026-04-28T23:47:24-07:00,1,19
projects/projects.js,19,js,fb86fc43,Brandon Lum,2026-04-28,23:47:24,-07:00,2026-04-28T23:47:24-07:00,0,0
projects/projects.js,20,js,fb86fc43,Brandon Lum,2026-04-28,23:47:24,-07:00,2026-04-28T23:47:24-07:00,1,16
projects/projects.js,21,js,fb86fc43,Brandon Lum,2026-04-28,23:47:24,-07:00,2026-04-28T23:47:24-07:00,1,9
projects/projects.js,22,js,fb86fc43,Brandon Lum,2026-04-28,23:47:24,-07:00,2026-04-28T23:47:24-07:00,2,32
projects/projects.js,23,js,fb86fc43,Brandon Lum,2026-04-28,23:47:24,-07:00,2026-04-28T23:47:24-07:00,3,32
projects/projects.js,24,js,fb86fc43,Brandon Lum,2026-04-28,23:47:24,-07:00,2026-04-28T23:47:24-07:00,4,8
projects/projects.js,25,js,fb86fc43,Brandon Lum,2026-04-28,23:47:24,-07:00,2026-04-28T23:47:24-07:00,4,12
projects/projects.js,26,js,fb86fc43,Brandon Lum,2026-04-28,23:47:24,-07:00,2026-04-28T23:47:24-07:00,3,41
projects/projects.js,27,js,fb86fc43,Brandon Lum,2026-04-28,23:47:24,-07:00,2026-04-28T23:47:24-07:00,2,0
projects/projects.js,28,js,fb86fc43,Brandon Lum,2026-04-28,23:47:24,-07:00,2026-04-28T23:47:24-07:00,1,0
projects/projects.js,29,js,fb86fc43,Brandon Lum,2026-04-28,23:47:24,-07:00,2026-04-28T23:47:24-07:00,0,0
projects/projects.js,30,js,fb86fc43,Brandon Lum,2026-04-28,23:47:24,-07:00,2026-04-28T23:47:24-07:00,1,31
projects/projects.js,31,js,fb86fc43,Brandon Lum,2026-04-28,23:47:24,-07:00,2026-04-28T23:47:24-07:00,1,25
projects/projects.js,32,js,fb86fc43,Brandon Lum,2026-04-28,23:47:24,-07:00,2026-04-28T23:47:24-07:00,2,61
projects/projects.js,33,js,fb86fc43,Brandon Lum,2026-04-28,23:47:24,-07:00,2026-04-28T23:47:24-07:00,1,0
projects/projects.js,34,js,fb86fc43,Brandon Lum,2026-04-28,23:47:24,-07:00,2026-04-28T23:47:24-07:00,0,0
projects/projects.js,35,js,fb86fc43,Brandon Lum,2026-04-28,23:47:24,-07:00,2026-04-28T23:47:24-07:00,1,11
projects/projects.js,36,js,fb86fc43,Brandon Lum,2026-04-28,23:47:24,-07:00,2026-04-28T23:47:24-07:00,0,0
projects/projects.js,37,js,fb86fc43,Brandon Lum,2026-04-28,23:47:24,-07:00,2026-04-28T23:47:24-07:00,0,0
projects/projects.js,38,js,fb86fc43,Brandon Lum,2026-04-28,23:47:24,-07:00,2026-04-28T23:47:24-07:00,0,0
projects/projects.js,39,js,fb86fc43,Brandon Lum,2026-04-28,23:47:24,-07:00,2026-04-28T23:47:24-07:00,0,47
projects/projects.js,40,js,fb86fc43,Brandon Lum,2026-04-28,23:47:24,-07:00,2026-04-28T23:47:24-07:00,1,24
projects/projects.js,41,js,fb86fc43,Brandon Lum,2026-04-28,23:47:24,-07:00,2026-04-28T23:47:24-07:00,0,0
projects/projects.js,42,js,fb86fc43,Brandon Lum,2026-04-28,23:47:24,-07:00,2026-04-28T23:47:24-07:00,1,34
projects/projects.js,43,js,fb86fc43,Brandon Lum,2026-04-28,23:47:24,-07:00,2026-04-28T23:47:24-07:00,1,47
projects/projects.js,44,js,fb86fc43,Brandon Lum,2026-04-28,23:47:24,-07:00,2026-04-28T23:47:24-07:00,0,0
projects/projects.js,45,js,fb86fc43,Brandon Lum,2026-04-28,23:47:24,-07:00,2026-04-28T23:47:24-07:00,1,54
projects/projects.js,46,js,fb86fc43,Brandon Lum,2026-04-28,23:47:24,-07:00,2026-04-28T23:47:24-07:00,1,46
projects/projects.js,47,js,fb86fc43,Brandon Lum,2026-04-28,23:47:24,-07:00,2026-04-28T23:47:24-07:00,2,21
projects/projects.js,48,js,fb86fc43,Brandon Lum,2026-04-28,23:47:24,-07:00,2026-04-28T23:47:24-07:00,2,58
projects/projects.js,49,js,fb86fc43,Brandon Lum,2026-04-28,23:47:24,-07:00,2026-04-28T23:47:24-07:00,2,41
projects/projects.js,50,js,fb86fc43,Brandon Lum,2026-04-28,23:47:24,-07:00,2026-04-28T23:47:24-07:00,1,0
projects/projects.js,51,js,fb86fc43,Brandon Lum,2026-04-28,23:47:24,-07:00,2026-04-28T23:47:24-07:00,1,28
projects/projects.js,52,js,fb86fc43,Brandon Lum,2026-04-28,23:47:24,-07:00,2026-04-28T23:47:24-07:00,0,0
projects/projects.js,53,js,fb86fc43,Brandon Lum,2026-04-28,23:47:24,-07:00,2026-04-28T23:47:24-07:00,0,0
projects/projects.js,54,js,fb86fc43,Brandon Lum,2026-04-28,23:47:24,-07:00,2026-04-28T23:47:24-07:00,0,0
projects/projects.js,55,js,fb86fc43,Brandon Lum,2026-04-28,23:47:24,-07:00,2026-04-28T23:47:24-07:00,0,37
projects/projects.js,56,js,fb86fc43,Brandon Lum,2026-04-28,23:47:24,-07:00,2026-04-28T23:47:24-07:00,1,21
projects/projects.js,57,js,fb86fc43,Brandon Lum,2026-04-28,23:47:24,-07:00,2026-04-28T23:47:24-07:00,2,11
projects/projects.js,58,js,fb86fc43,Brandon Lum,2026-04-28,23:47:24,-07:00,2026-04-28T23:47:24-07:00,2,11
projects/projects.js,59,js,fb86fc43,Brandon Lum,2026-04-28,23:47:24,-07:00,2026-04-28T23:47:24-07:00,2,8
projects/projects.js,60,js,fb86fc43,Brandon Lum,2026-04-28,23:47:24,-07:00,2026-04-28T23:47:24-07:00,1,0
projects/projects.js,61,js,fb86fc43,Brandon Lum,2026-04-28,23:47:24,-07:00,2026-04-28T23:47:24-07:00,0,0
projects/projects.js,62,js,fb86fc43,Brandon Lum,2026-04-28,23:47:24,-07:00,2026-04-28T23:47:24-07:00,1,40
projects/projects.js,63,js,fb86fc43,Brandon Lum,2026-04-28,23:47:24,-07:00,2026-04-28T23:47:24-07:00,2,10
projects/projects.js,64,js,fb86fc43,Brandon Lum,2026-04-28,23:47:24,-07:00,2026-04-28T23:47:24-07:00,2,8
projects/projects.js,65,js,fb86fc43,Brandon Lum,2026-04-28,23:47:24,-07:00,2026-04-28T23:47:24-07:00,1,1
projects/projects.js,66,js,fb86fc43,Brandon Lum,2026-04-28,23:47:24,-07:00,2026-04-28T23:47:24-07:00,0,0
projects/projects.js,67,js,fb86fc43,Brandon Lum,2026-04-28,23:47:24,-07:00,2026-04-28T23:47:24-07:00,1,56
projects/projects.js,68,js,fb86fc43,Brandon Lum,2026-04-28,23:47:24,-07:00,2026-04-28T23:47:24-07:00,1,47
projects/projects.js,69,js,fb86fc43,Brandon Lum,2026-04-28,23:47:24,-07:00,2026-04-28T23:47:24-07:00,0,0
projects/projects.js,70,js,fb86fc43,Brandon Lum,2026-04-28,23:47:24,-07:00,2026-04-28T23:47:24-07:00,1,32
projects/projects.js,71,js,fb86fc43,Brandon Lum,2026-04-28,23:47:24,-07:00,2026-04-28T23:47:24-07:00,1,46
projects/projects.js,72,js,fb86fc43,Brandon Lum,2026-04-28,23:47:24,-07:00,2026-04-28T23:47:24-07:00,0,0
projects/projects.js,73,js,fb86fc43,Brandon Lum,2026-04-28,23:47:24,-07:00,2026-04-28T23:47:24-07:00,1,24
projects/projects.js,74,js,fb86fc43,Brandon Lum,2026-04-28,23:47:24,-07:00,2026-04-28T23:47:24-07:00,1,31
projects/projects.js,75,js,fb86fc43,Brandon Lum,2026-04-28,23:47:24,-07:00,2026-04-28T23:47:24-07:00,0,0
projects/projects.js,76,js,fb86fc43,Brandon Lum,2026-04-28,23:47:24,-07:00,2026-04-28T23:47:24-07:00,1,28
projects/projects.js,77,js,fb86fc43,Brandon Lum,2026-04-28,23:47:24,-07:00,2026-04-28T23:47:24-07:00,1,29
projects/projects.js,78,js,fb86fc43,Brandon Lum,2026-04-28,23:47:24,-07:00,2026-04-28T23:47:24-07:00,0,0
projects/projects.js,79,js,fb86fc43,Brandon Lum,2026-04-28,23:47:24,-07:00,2026-04-28T23:47:24-07:00,1,24
projects/projects.js,80,js,fb86fc43,Brandon Lum,2026-04-28,23:47:24,-07:00,2026-04-28T23:47:24-07:00,1,0
projects/projects.js,81,js,fb86fc43,Brandon Lum,2026-04-28,23:47:24,-07:00,2026-04-28T23:47:24-07:00,2,12
projects/projects.js,82,js,fb86fc43,Brandon Lum,2026-04-28,23:47:24,-07:00,2026-04-28T23:47:24-07:00,2,24
projects/projects.js,83,js,fb86fc43,Brandon Lum,2026-04-28,23:47:24,-07:00,2026-04-28T23:47:24-07:00,2,35
projects/projects.js,84,js,fb86fc43,Brandon Lum,2026-04-28,23:47:24,-07:00,2026-04-28T23:47:24-07:00,2,61
projects/projects.js,85,js,fb86fc43,Brandon Lum,2026-04-28,23:47:24,-07:00,2026-04-28T23:47:24-07:00,2,17
projects/projects.js,86,js,fb86fc43,Brandon Lum,2026-04-28,23:47:24,-07:00,2026-04-28T23:47:24-07:00,3,66
projects/projects.js,87,js,fb86fc43,Brandon Lum,2026-04-28,23:47:24,-07:00,2026-04-28T23:47:24-07:00,0,0
projects/projects.js,88,js,fb86fc43,Brandon Lum,2026-04-28,23:47:24,-07:00,2026-04-28T23:47:24-07:00,3,34
projects/projects.js,89,js,fb86fc43,Brandon Lum,2026-04-28,23:47:24,-07:00,2026-04-28T23:47:24-07:00,3,47
projects/projects.js,90,js,fb86fc43,Brandon Lum,2026-04-28,23:47:24,-07:00,2026-04-28T23:47:24-07:00,0,0
projects/projects.js,91,js,fb86fc43,Brandon Lum,2026-04-28,23:47:24,-07:00,2026-04-28T23:47:24-07:00,3,46
projects/projects.js,92,js,fb86fc43,Brandon Lum,2026-04-28,23:47:24,-07:00,2026-04-28T23:47:24-07:00,4,21
projects/projects.js,93,js,fb86fc43,Brandon Lum,2026-04-28,23:47:24,-07:00,2026-04-28T23:47:24-07:00,4,58
projects/projects.js,94,js,fb86fc43,Brandon Lum,2026-04-28,23:47:24,-07:00,2026-04-28T23:47:24-07:00,4,41
projects/projects.js,95,js,fb86fc43,Brandon Lum,2026-04-28,23:47:24,-07:00,2026-04-28T23:47:24-07:00,3,0
projects/projects.js,96,js,fb86fc43,Brandon Lum,2026-04-28,23:47:24,-07:00,2026-04-28T23:47:24-07:00,3,58
projects/projects.js,97,js,fb86fc43,Brandon Lum,2026-04-28,23:47:24,-07:00,2026-04-28T23:47:24-07:00,2,0
projects/projects.js,98,js,fb86fc43,Brandon Lum,2026-04-28,23:47:24,-07:00,2026-04-28T23:47:24-07:00,0,0
projects/projects.js,99,js,fb86fc43,Brandon Lum,2026-04-28,23:47:24,-07:00,2026-04-28T23:47:24-07:00,0,0
projects/projects.js,100,js,fb86fc43,Brandon Lum,2026-04-28,23:47:24,-07:00,2026-04-28T23:47:24-07:00,0,21
projects/projects.js,101,js,fb86fc43,Brandon Lum,2026-04-28,23:47:24,-07:00,2026-04-28T23:47:24-07:00,1,3
projects/projects.js,102,js,fb86fc43,Brandon Lum,2026-04-28,23:47:24,-07:00,2026-04-28T23:47:24-07:00,2,10
projects/projects.js,103,js,fb86fc43,Brandon Lum,2026-04-28,23:47:24,-07:00,2026-04-28T23:47:24-07:00,2,35
projects/projects.js,104,js,fb86fc43,Brandon Lum,2026-04-28,23:47:24,-07:00,2026-04-28T23:47:24-07:00,2,66
projects/projects.js,105,js,fb86fc43,Brandon Lum,2026-04-28,23:47:24,-07:00,2026-04-28T23:47:24-07:00,2,68
projects/projects.js,106,js,fb86fc43,Brandon Lum,2026-04-28,23:47:24,-07:00,2026-04-28T23:47:24-07:00,0,0
projects/projects.js,107,js,fb86fc43,Brandon Lum,2026-04-28,23:47:24,-07:00,2026-04-28T23:47:24-07:00,0,0
projects/projects.js,108,js,fb86fc43,Brandon Lum,2026-04-28,23:47:24,-07:00,2026-04-28T23:47:24-07:00,0,0
projects/projects.js,109,js,fb86fc43,Brandon Lum,2026-04-28,23:47:24,-07:00,2026-04-28T23:47:24-07:00,0,47
projects/projects.js,110,js,fb86fc43,Brandon Lum,2026-04-28,23:47:24,-07:00,2026-04-28T23:47:24-07:00,0,22
projects/index.html,1,html,ff8159e4,Brandon Lum,2026-04-01,17:14:20,-07:00,2026-04-01T17:14:20-07:00,0,12
projects/index.html,2,html,ff8159e4,Brandon Lum,2026-04-01,17:14:20,-07:00,2026-04-01T17:14:20-07:00,0,13
projects/index.html,3,html,ff8159e4,Brandon Lum,2026-04-01,17:14:20,-07:00,2026-04-01T17:14:20-07:00,0,3
projects/index.html,4,html,ff8159e4,Brandon Lum,2026-04-01,17:14:20,-07:00,2026-04-01T17:14:20-07:00,1,19
projects/index.html,5,html,ff8159e4,Brandon Lum,2026-04-01,17:14:20,-07:00,2026-04-01T17:14:20-07:00,1,67
projects/index.html,6,html,ff8159e4,Brandon Lum,2026-04-01,17:14:20,-07:00,2026-04-01T17:14:20-07:00,1,20
projects/index.html,7,html,5e9704b7,Brandon Lum,2026-04-09,13:21:21,-07:00,2026-04-09T13:21:21-07:00,1,40
projects/index.html,8,html,290c568e,Brandon Lum,2026-04-15,16:49:11,-07:00,2026-04-15T16:49:11-07:00,1,47
projects/index.html,9,html,b85579df,Brandon Lum,2026-04-23,14:36:08,-07:00,2026-04-23T14:36:08-07:00,1,48
projects/index.html,10,html,fb86fc43,Brandon Lum,2026-04-28,23:47:24,-07:00,2026-04-28T23:47:24-07:00,1,50
projects/index.html,11,html,ff8159e4,Brandon Lum,2026-04-01,17:14:20,-07:00,2026-04-01T17:14:20-07:00,0,4
projects/index.html,12,html,ff8159e4,Brandon Lum,2026-04-01,17:14:20,-07:00,2026-04-01T17:14:20-07:00,0,3
projects/index.html,13,html,290c568e,Brandon Lum,2026-04-15,16:49:11,-07:00,2026-04-15T16:49:11-07:00,0,0
projects/index.html,14,html,290c568e,Brandon Lum,2026-04-15,16:49:11,-07:00,2026-04-15T16:49:11-07:00,1,1
projects/index.html,15,html,ff8159e4,Brandon Lum,2026-04-01,17:14:20,-07:00,2026-04-01T17:14:20-07:00,1,2
projects/index.html,16,html,5ad94ba7,Brandon Lum,2026-04-02,10:01:44,-07:00,2026-04-02T10:01:44-07:00,2,19
projects/index.html,17,html,290c568e,Brandon Lum,2026-04-15,16:49:11,-07:00,2026-04-15T16:49:11-07:00,2,32
projects/index.html,18,html,5ad94ba7,Brandon Lum,2026-04-02,10:01:44,-07:00,2026-04-02T10:01:44-07:00,2,28
projects/index.html,19,html,5ad94ba7,Brandon Lum,2026-04-02,10:01:44,-07:00,2026-04-02T10:01:44-07:00,2,30
projects/index.html,20,html,ff8159e4,Brandon Lum,2026-04-01,17:14:20,-07:00,2026-04-01T17:14:20-07:00,2,58
projects/index.html,21,html,ff8159e4,Brandon Lum,2026-04-01,17:14:20,-07:00,2026-04-01T17:14:20-07:00,1,3
projects/index.html,22,html,290c568e,Brandon Lum,2026-04-15,16:49:11,-07:00,2026-04-15T16:49:11-07:00,1,0
projects/index.html,23,html,290c568e,Brandon Lum,2026-04-15,16:49:11,-07:00,2026-04-15T16:49:11-07:00,0,0
projects/index.html,24,html,290c568e,Brandon Lum,2026-04-15,16:49:11,-07:00,2026-04-15T16:49:11-07:00,1,0
projects/index.html,25,html,fb86fc43,Brandon Lum,2026-04-28,23:47:24,-07:00,2026-04-28T23:47:24-07:00,1,37
projects/index.html,26,html,fb86fc43,Brandon Lum,2026-04-28,23:47:24,-07:00,2026-04-28T23:47:24-07:00,1,20
projects/index.html,27,html,fb86fc43,Brandon Lum,2026-04-28,23:47:24,-07:00,2026-04-28T23:47:24-07:00,2,51
projects/index.html,28,html,fb86fc43,Brandon Lum,2026-04-28,23:47:24,-07:00,2026-04-28T23:47:24-07:00,3,67
projects/index.html,29,html,fb86fc43,Brandon Lum,2026-04-28,23:47:24,-07:00,2026-04-28T23:47:24-07:00,2,3
projects/index.html,30,html,fb86fc43,Brandon Lum,2026-04-28,23:47:24,-07:00,2026-04-28T23:47:24-07:00,2,21
projects/index.html,31,html,fb86fc43,Brandon Lum,2026-04-28,23:47:24,-07:00,2026-04-28T23:47:24-07:00,1,3
projects/index.html,32,html,b85579df,Brandon Lum,2026-04-23,14:36:08,-07:00,2026-04-23T14:36:08-07:00,0,0
projects/index.html,33,html,fb86fc43,Brandon Lum,2026-04-28,23:47:24,-07:00,2026-04-28T23:47:24-07:00,1,3
projects/index.html,34,html,fb86fc43,Brandon Lum,2026-04-28,23:47:24,-07:00,2026-04-28T23:47:24-07:00,2,14
projects/index.html,35,html,fb86fc43,Brandon Lum,2026-04-28,23:47:24,-07:00,2026-04-28T23:47:24-07:00,2,10
projects/index.html,36,html,fb86fc43,Brandon Lum,2026-04-28,23:47:24,-07:00,2026-04-28T23:47:24-07:00,2,25
projects/index.html,37,html,fb86fc43,Brandon Lum,2026-04-28,23:47:24,-07:00,2026-04-28T23:47:24-07:00,2,30
projects/index.html,38,html,fb86fc43,Brandon Lum,2026-04-28,23:47:24,-07:00,2026-04-28T23:47:24-07:00,1,0
projects/index.html,39,html,fb86fc43,Brandon Lum,2026-04-28,23:47:24,-07:00,2026-04-28T23:47:24-07:00,1,19
projects/index.html,40,html,5e9704b7,Brandon Lum,2026-04-09,13:21:21,-07:00,2026-04-09T13:21:21-07:00,1,3
projects/index.html,41,html,5e9704b7,Brandon Lum,2026-04-09,13:21:21,-07:00,2026-04-09T13:21:21-07:00,0,0
projects/index.html,42,html,ff8159e4,Brandon Lum,2026-04-01,17:14:20,-07:00,2026-04-01T17:14:20-07:00,0,0
projects/index.html,43,html,fb86fc43,Brandon Lum,2026-04-28,23:47:24,-07:00,2026-04-28T23:47:24-07:00,0,0
projects/index.html,44,html,ff8159e4,Brandon Lum,2026-04-01,17:14:20,-07:00,2026-04-01T17:14:20-07:00,0,4
projects/index.html,45,html,ff8159e4,Brandon Lum,2026-04-01,17:14:20,-07:00,2026-04-01T17:14:20-07:00,0,4
contact/index.html,1,html,ff8159e4,Brandon Lum,2026-04-01,17:14:20,-07:00,2026-04-01T17:14:20-07:00,0,12
contact/index.html,2,html,ff8159e4,Brandon Lum,2026-04-01,17:14:20,-07:00,2026-04-01T17:14:20-07:00,0,13
contact/index.html,3,html,ff8159e4,Brandon Lum,2026-04-01,17:14:20,-07:00,2026-04-01T17:14:20-07:00,0,3
contact/index.html,4,html,ff8159e4,Brandon Lum,2026-04-01,17:14:20,-07:00,2026-04-01T17:14:20-07:00,1,19
contact/index.html,5,html,ff8159e4,Brandon Lum,2026-04-01,17:14:20,-07:00,2026-04-01T17:14:20-07:00,1,67
contact/index.html,6,html,ff8159e4,Brandon Lum,2026-04-01,17:14:20,-07:00,2026-04-01T17:14:20-07:00,1,19
contact/index.html,7,html,5e9704b7,Brandon Lum,2026-04-09,13:21:21,-07:00,2026-04-09T13:21:21-07:00,1,40
contact/index.html,8,html,290c568e,Brandon Lum,2026-04-15,16:49:11,-07:00,2026-04-15T16:49:11-07:00,1,47
contact/index.html,9,html,ff8159e4,Brandon Lum,2026-04-01,17:14:20,-07:00,2026-04-01T17:14:20-07:00,0,4
contact/index.html,10,html,ff8159e4,Brandon Lum,2026-04-01,17:14:20,-07:00,2026-04-01T17:14:20-07:00,0,3
contact/index.html,11,html,290c568e,Brandon Lum,2026-04-15,16:49:11,-07:00,2026-04-15T16:49:11-07:00,1,1
contact/index.html,12,html,ff8159e4,Brandon Lum,2026-04-01,17:14:20,-07:00,2026-04-01T17:14:20-07:00,1,2
contact/index.html,13,html,5ad94ba7,Brandon Lum,2026-04-02,10:01:44,-07:00,2026-04-02T10:01:44-07:00,2,19
contact/index.html,14,html,5ad94ba7,Brandon Lum,2026-04-02,10:01:44,-07:00,2026-04-02T10:01:44-07:00,2,32
contact/index.html,15,html,5ad94ba7,Brandon Lum,2026-04-02,10:01:44,-07:00,2026-04-02T10:01:44-07:00,2,28
contact/index.html,16,html,290c568e,Brandon Lum,2026-04-15,16:49:11,-07:00,2026-04-15T16:49:11-07:00,2,30
contact/index.html,17,html,ff8159e4,Brandon Lum,2026-04-01,17:14:20,-07:00,2026-04-01T17:14:20-07:00,2,58
contact/index.html,18,html,ff8159e4,Brandon Lum,2026-04-01,17:14:20,-07:00,2026-04-01T17:14:20-07:00,1,3
contact/index.html,19,html,290c568e,Brandon Lum,2026-04-15,16:49:11,-07:00,2026-04-15T16:49:11-07:00,1,0
contact/index.html,20,html,5ad94ba7,Brandon Lum,2026-04-02,10:01:44,-07:00,2026-04-02T10:01:44-07:00,0,0
contact/index.html,21,html,ff8159e4,Brandon Lum,2026-04-01,17:14:20,-07:00,2026-04-01T17:14:20-07:00,1,13
contact/index.html,22,html,ff8159e4,Brandon Lum,2026-04-01,17:14:20,-07:00,2026-04-01T17:14:20-07:00,0,0
contact/index.html,23,html,ff8159e4,Brandon Lum,2026-04-01,17:14:20,-07:00,2026-04-01T17:14:20-07:00,1,81
contact/index.html,24,html,ff8159e4,Brandon Lum,2026-04-01,17:14:20,-07:00,2026-04-01T17:14:20-07:00,0,0
contact/index.html,25,html,ff8159e4,Brandon Lum,2026-04-01,17:14:20,-07:00,2026-04-01T17:14:20-07:00,2,4
contact/index.html,26,html,ff8159e4,Brandon Lum,2026-04-01,17:14:20,-07:00,2026-04-01T17:14:20-07:00,3,2
contact/index.html,27,html,ff8159e4,Brandon Lum,2026-04-01,17:14:20,-07:00,2026-04-01T17:14:20-07:00,3,30
contact/index.html,28,html,ff8159e4,Brandon Lum,2026-04-01,17:14:20,-07:00,2026-04-01T17:14:20-07:00,2,5
contact/index.html,29,html,ff8159e4,Brandon Lum,2026-04-01,17:14:20,-07:00,2026-04-01T17:14:20-07:00,0,0
contact/index.html,30,html,ff8159e4,Brandon Lum,2026-04-01,17:14:20,-07:00,2026-04-01T17:14:20-07:00,2,4
contact/index.html,31,html,ff8159e4,Brandon Lum,2026-04-01,17:14:20,-07:00,2026-04-01T17:14:20-07:00,3,4
contact/index.html,32,html,ff8159e4,Brandon Lum,2026-04-01,17:14:20,-07:00,2026-04-01T17:14:20-07:00,3,19
contact/index.html,33,html,ff8159e4,Brandon Lum,2026-04-01,17:14:20,-07:00,2026-04-01T17:14:20-07:00,2,5
contact/index.html,34,html,ff8159e4,Brandon Lum,2026-04-01,17:14:20,-07:00,2026-04-01T17:14:20-07:00,0,0
contact/index.html,35,html,ff8159e4,Brandon Lum,2026-04-01,17:14:20,-07:00,2026-04-01T17:14:20-07:00,2,4
contact/index.html,36,html,ff8159e4,Brandon Lum,2026-04-01,17:14:20,-07:00,2026-04-01T17:14:20-07:00,3,4
contact/index.html,37,html,ff8159e4,Brandon Lum,2026-04-01,17:14:20,-07:00,2026-04-01T17:14:20-07:00,3,30
contact/index.html,38,html,ff8159e4,Brandon Lum,2026-04-01,17:14:20,-07:00,2026-04-01T17:14:20-07:00,2,5
contact/index.html,39,html,ff8159e4,Brandon Lum,2026-04-01,17:14:20,-07:00,2026-04-01T17:14:20-07:00,0,0
contact/index.html,40,html,ff8159e4,Brandon Lum,2026-04-01,17:14:20,-07:00,2026-04-01T17:14:20-07:00,2,18
contact/index.html,41,html,ff8159e4,Brandon Lum,2026-04-01,17:14:20,-07:00,2026-04-01T17:14:20-07:00,0,0
contact/index.html,42,html,ff8159e4,Brandon Lum,2026-04-01,17:14:20,-07:00,2026-04-01T17:14:20-07:00,1,4
contact/index.html,43,html,ff8159e4,Brandon Lum,2026-04-01,17:14:20,-07:00,2026-04-01T17:14:20-07:00,0,4
contact/index.html,44,html,ff8159e4,Brandon Lum,2026-04-01,17:14:20,-07:00,2026-04-01T17:14:20-07:00,0,4
